<?xml version="1.0" encoding="UTF-8"?>
<configuration scan="true" scanPeriod="60 seconds" debug="false">
    <!-- 属性文件:在properties(yml)文件中找到对应的配置项 -->
    <springProperty scope="context" name="logging.path"  source="logging.file.path" defaultValue="./logs"/>

    <!-- 默认的控制台日志输出，一般生产环境都是后台启动，这个没太大作用 -->
    <appender name="STDOUT" class="ch.qos.logback.core.ConsoleAppender">
        <encoder class="ch.qos.logback.classic.encoder.PatternLayoutEncoder">
            <pattern>%d{HH:mm:ss.SSS} [%thread] %-5level %logger{36}  - %msg%n</pattern>
        </encoder>
    </appender>

    <appender name="LOG_COMMON" class="ch.qos.logback.core.rolling.RollingFileAppender">
        <append>true</append>
        <!--<filter class="ch.qos.logback.classic.filter.ThresholdFilter">
            <level>${logging.level.mokeiteam}</level>
        </filter>-->
        <file>
            ${logging.path}/console.log
        </file>
        <rollingPolicy class="ch.qos.logback.core.rolling.SizeAndTimeBasedRollingPolicy">
            <fileNamePattern>${logging.path}/%d{yyyyMMdd}/console_%i.log.gz</fileNamePattern>
            <maxFileSize>200MB</maxFileSize>
            <maxHistory>30</maxHistory>
        </rollingPolicy>
        <encoder class="ch.qos.logback.classic.encoder.PatternLayoutEncoder">
            <pattern>%d{HH:mm:ss.SSS} [%thread] [%X{requestId}] %-5level %logger{36}:%line - %msg%n</pattern>
            <!-- %line or %replace(%caller{1}){'\t|Caller.{1}0| at|\r\n', ''} -->
            <charset>UTF-8</charset>
        </encoder>
    </appender>

    <!-- 异步输出 -->
    <appender name ="LOG_COMMON_ASYNC" class="ch.qos.logback.classic.AsyncAppender">
        <!-- 不丢失日志.默认的,如果队列的80%已满,则会丢弃TRACT、DEBUG、INFO级别的日志 -->
        <discardingThreshold >0</discardingThreshold>
        <!-- 更改默认的队列的深度,该值会影响性能.默认值为256 -->
        <queueSize>512</queueSize>
        <!-- 添加附加的appender,最多只能添加一个 -->
        <!--解决%line输出？的问题 -->
        <includeCallerData>true</includeCallerData>
        <appender-ref ref ="LOG_COMMON"/>
    </appender>

    <root level="info">
        <appender-ref ref="STDOUT" />
        <appender-ref ref="LOG_COMMON_ASYNC" />
    </root>

    <logger name="common" additivity="false">
        <level value="info" />
        <appender-ref ref="LOG_COMMON_ASYNC"/>
    </logger>

    <logger name="service" additivity="false">
        <level value="info" />
        <appender-ref ref="LOG_COMMON_ASYNC"/>
    </logger>


<!--    <logger name="com.mokeiteam" additivity="false">-->
<!--        <level value="info" />-->
<!--        <appender-ref ref="LOG_COMMON_ASYNC" />-->
<!--    </logger>-->

</configuration>